Country,Year,Code,Annual_CO2_Emissions_Per_Capita,Renewable_Energy_Percentage,GDP_Per_Capita,Energy_Consumption_Per_Capita,Population
Algeria,2010,DZA,3.2704937,0.11513415,14496.421,12243.156,36188236.0
Algeria,2011,DZA,3.389791,0.23525994,14641.964,12710.541,36903376.0
Algeria,2012,DZA,3.603938,0.22453195,14697.54,13624.909,37646166.0
Algeria,2013,DZA,3.664963,0.06476319,14778.191,14130.735,38414171.0
Algeria,2014,DZA,3.8587632,0.11750259,15073.763,15108.635,39205031.0
Algeria,2015,DZA,4.000239,0.09681336,15239.518,15616.312,40019529.0
Algeria,2016,DZA,3.8795354,0.14580713,15511.686,15295.143,40850721.0
Algeria,2017,DZA,3.9620245,0.24701828,15427.664,15164.0,41689299.0
Algeria,2018,DZA,4.0631776,0.28842947,15343.426,15971.084,42505035.0
Algeria,2019,DZA,4.1554136,0.29497427,15199.199,16259.053,43294546.0
Algeria,2020,DZA,3.8185754,0.30043116,14194.155,14933.807,44042091.0
Algeria,2021,DZA,4.012335,0.25285673,14496.865,16017.653,44761099.0
Algeria,2022,DZA,4.058243,0.24182516,14782.2,16350.52,45477389.0
Algeria,2023,DZA,3.8586802,0.27036947,15159.324,15458.39,46164219.0
Argentina,2010,ARG,4.5035615,11.650168,28056.258,21507.703,41288694.0
Argentina,2011,ARG,4.5476246,10.914268,29425.76,21894.867,41730660.0
Argentina,2012,ARG,4.53876,10.176803,28825.967,22494.715,42161721.0
Argentina,2013,ARG,4.451081,10.940409,29227.66,23152.588,42582455.0
Argentina,2014,ARG,4.3788686,11.038969,28200.814,22881.006,43024071.0
Argentina,2015,ARG,4.41024,10.89336,28669.207,23046.873,43477012.0
Argentina,2016,ARG,4.32618,10.17179,27802.105,22726.455,43900313.0
Argentina,2017,ARG,4.219999,10.979133,28334.904,22503.818,44288894.0
Argentina,2018,ARG,4.0443406,11.331651,27367.115,22163.16,44654882.0
Argentina,2019,ARG,3.969191,11.911147,26629.553,20725.168,44973465.0
Argentina,2020,ARG,3.65377,12.310073,23877.094,19314.059,45191965.0
Argentina,2021,ARG,4.217578,11.335143,26300.273,21168.963,45312281.0
Argentina,2022,ARG,4.4943905,12.188763,27627.963,22618.625,45407904.0
Argentina,2023,ARG,4.2998033,14.102216,27104.98,22277.793,45538401.0
Australia,2010,AUS,18.297338,4.312805,51811.78,68523.875,22031750.0
Australia,2011,AUS,17.965439,5.688442,52326.766,69714.19,22340024.0
Australia,2012,AUS,17.77464,5.688193,53435.18,67583.03,22733465.0
Australia,2013,AUS,17.17437,6.5121694,53890.105,67307.04,23128129.0
Australia,2014,AUS,16.644192,5.9665823,54470.16,66744.195,23475686.0
Australia,2015,AUS,16.76538,6.2833033,54867.773,67223.11,23815995.0
Australia,2016,AUS,16.867634,7.1866975,55507.977,66396.19,24190907.0
Australia,2017,AUS,16.732754,6.744328,55846.03,65133.145,24592588.0
Australia,2018,AUS,16.544464,8.280843,56600.438,65053.54,24963258.0
Australia,2019,AUS,16.315792,8.875714,56981.395,66247.3,25334826.0
Australia,2020,AUS,15.506062,10.848229,56215.58,61750.023,25649248.0
Australia,2021,AUS,14.987446,12.923943,57321.562,61304.32,25685412.0
Australia,2022,AUS,14.66979,13.918374,58997.703,63452.266,26014399.0
Australia,2023,AUS,14.478505,14.982515,59552.88,63256.88,26658948.0
Austria,2010,AUT,8.608234,31.314478,60380.14,50408.58,8363404.0
Austria,2011,AUT,8.328318,30.305704,61938.617,47176.66,8391643.0
Austria,2012,AUT,7.9788947,35.76177,62044.215,49160.137,8429991.0
Austria,2013,AUT,7.990079,35.3089,61524.96,48452.184,8479823.0
Austria,2014,AUT,7.5067415,36.303062,61507.38,46207.137,8546356.0
Austria,2015,AUT,7.6767244,34.274372,61614.56,45864.832,8642699.0
Austria,2016,AUT,7.6926365,35.3048,62242.336,46889.66,8736668.0
Austria,2017,AUT,7.910056,34.455837,63216.0,47464.48,8797566.0
Austria,2018,AUT,7.528234,34.361984,64471.633,46196.625,8840521.0
Austria,2019,AUT,7.650861,35.472965,65312.023,48194.07,8879920.0
Austria,2020,AUT,6.9693084,38.188835,60931.94,44920.742,8916864.0
Austria,2021,AUT,7.333269,35.835052,63576.242,45508.77,8955797.0
Austria,2022,AUT,6.783409,36.06654,66294.72,42481.58,9041851.0
Austria,2023,AUT,6.415725,40.080193,65015.133,42952.613,9131761.0
Azerbaijan,2010,AZE,3.0118763,7.448546,19621.385,13904.573,9054332.0
Azerbaijan,2011,AZE,3.263773,5.0649414,19386.744,15572.064,9173082.0
Azerbaijan,2012,AZE,3.4954014,3.326695,19545.072,15823.058,9295784.0
Azerbaijan,2013,AZE,3.5305033,2.7732372,20414.832,16039.534,9416801.0
Azerbaijan,2014,AZE,3.566412,2.4248233,20716.14,16140.756,9535079.0
Azerbaijan,2015,AZE,3.5561998,2.7496912,20694.78,17420.43,9649341.0
Azerbaijan,2016,AZE,3.519045,3.3369164,19830.322,17059.744,9757812.0
Azerbaijan,2017,AZE,3.4808419,3.0411427,19675.959,16576.758,9854033.0
Azerbaijan,2018,AZE,3.4431703,2.985358,19798.834,17352.01,9939771.0
Azerbaijan,2019,AZE,3.7333274,2.599264,20122.713,18166.22,10024283.0
Azerbaijan,2020,AZE,3.5586586,1.8952277,19126.096,17980.494,10093121.0
Azerbaijan,2021,AZE,3.7416196,2.0421484,20111.375,19155.395,10137750.0
Azerbaijan,2022,AZE,3.9233098,2.3129582,21051.27,20301.668,10141756.0
Azerbaijan,2023,AZE,4.2582173,2.3216856,21262.299,21881.906,10153958.0
Bangladesh,2010,BGD,0.35502523,0.86148775,4125.464,1691.5333,152201981.0
Bangladesh,2011,BGD,0.36195287,1.0177838,4352.4263,1807.5925,153591076.0
Bangladesh,2012,BGD,0.38501218,0.8733193,4592.0483,1939.3217,155070101.0
Bangladesh,2013,BGD,0.41373494,0.826586,4822.726,1989.6167,156532141.0
Bangladesh,2014,BGD,0.42763647,0.6849754,5068.6396,2041.6583,157964929.0
Bangladesh,2015,BGD,0.482795,0.82069933,5352.7114,2439.447,159383179.0
Bangladesh,2016,BGD,0.5084299,0.7713848,5682.5356,2419.747,160811932.0
Bangladesh,2017,BGD,0.53352576,0.879046,6005.707,2489.824,162186147.0
Bangladesh,2018,BGD,0.52965784,0.7318307,6392.5933,2628.2427,163523103.0
Bangladesh,2019,BGD,0.5748978,0.6592997,6838.326,2914.8943,164913055.0
Bangladesh,2020,BGD,0.57399553,0.6715829,7015.1978,2731.3882,166298024.0
Bangladesh,2021,BGD,0.64190555,0.6931649,7441.0693,2907.366,167658854.0
Bangladesh,2022,BGD,0.67221427,0.8309142,7888.164,3025.794,169384897.0
Bangladesh,2023,BGD,0.6615086,1.0080312,8242.398,2940.0205,171466990.0
Belarus,2010,BLR,6.579608,0.25681725,24012.613,31465.19,9483836.0
Belarus,2011,BLR,6.472042,0.24902162,25404.756,30976.078,9461643.0
Belarus,2012,BLR,6.6094365,0.26328462,25879.133,33551.12,9446836.0
Belarus,2013,BLR,6.775445,0.31542054,26147.625,30358.176,9443211.0
Belarus,2014,BLR,6.7192183,0.30440024,26564.436,30417.848,9448515.0
Belarus,2015,BLR,6.1976867,0.35748994,25513.213,27520.088,9461076.0
Belarus,2016,BLR,6.120052,0.42184716,24846.83,28099.965,9469379.0
Belarus,2017,BLR,6.2535276,0.76281804,25503.98,28620.06,9458989.0
Belarus,2018,BLR,6.5566535,0.6260032,26363.463,31686.135,9438785.0
Belarus,2019,BLR,6.5812345,0.76110655,26798.82,31919.717,9419758.0
Belarus,2020,BLR,6.315496,0.9905478,26731.496,29743.822,9379952.0
Belarus,2021,BLR,6.586977,1.1767173,27611.18,31953.428,9302585.0
Belarus,2022,BLR,6.4736867,1.2321929,26537.508,30868.787,9228071.0
Belarus,2023,BLR,6.197136,1.0955961,27718.322,31170.637,9178298.0
Belgium,2010,BEL,10.468512,3.1909645,57385.035,70300.14,10895586.0
Belgium,2011,BEL,9.520968,4.0780997,57737.16,65134.08,11038264.0
Belgium,2012,BEL,9.222125,5.1477056,57504.03,62090.016,11106932.0
Belgium,2013,BEL,9.207837,5.4598446,57408.477,63218.38,11159407.0
Belgium,2014,BEL,8.6559305,6.152073,58163.266,58234.56,11209057.0
Belgium,2015,BEL,8.982039,6.7979774,58679.684,58448.71,11274196.0
Belgium,2016,BEL,8.801254,6.4830685,59080.15,62694.617,11331422.0
Belgium,2017,BEL,8.718997,7.0611453,59720.76,62897.684,11375158.0
Belgium,2018,BEL,8.763881,7.538291,60565.98,62385.402,11427054.0
Belgium,2019,BEL,8.675304,8.078669,61711.113,64152.695,11488980.0
Belgium,2020,BEL,7.9053583,10.863382,58500.633,57431.945,11538604.0
Belgium,2021,BEL,8.200483,9.544263,61873.965,63587.875,11586195.0
Belgium,2022,BEL,7.6450696,10.829778,63974.246,59582.27,11680210.0
Belgium,2023,BEL,7.1177025,12.525129,64185.848,54942.24,11787423.0
Brazil,2010,BRA,2.2729208,43.85847,18062.158,16220.931,193701929.0
Brazil,2011,BRA,2.368747,43.93462,18627.81,16629.84,195284734.0
Brazil,2012,BRA,2.5310798,41.70022,18832.219,16963.494,196876111.0
Brazil,2013,BRA,2.6825008,39.92749,19241.506,17221.44,198478299.0
Brazil,2014,BRA,2.7883189,38.842846,19183.172,17519.043,200085127.0
Brazil,2015,BRA,2.6247764,40.033836,18357.068,17140.15,201675532.0
Brazil,2016,BRA,2.4247255,42.97847,17620.928,16591.764,203218114.0
Brazil,2017,BRA,2.4340897,42.650604,17724.48,16608.686,204703445.0
Brazil,2018,BRA,2.3210206,45.428116,17917.75,16539.11,206107261.0
Brazil,2019,BRA,2.281887,46.808254,18018.621,16681.945,207455459.0
Brazil,2020,BRA,2.1336453,48.693333,17327.516,15921.327,208660842.0
Brazil,2021,BRA,2.3765988,44.914055,18075.705,16659.977,209550294.0
Brazil,2022,BRA,2.3006465,48.832825,18554.047,17333.797,210306415.0
Brazil,2023,BRA,2.3040092,50.33141,19018.238,17806.445,211140729.0
Bulgaria,2010,BGR,6.4403195,7.6581745,21888.504,27853.473,7395599.0
Bulgaria,2011,BGR,7.2093797,4.874571,22489.762,29776.332,7348328.0
Bulgaria,2012,BGR,6.609469,7.2071776,22789.791,28501.373,7305888.0
Bulgaria,2013,BGR,5.8814645,10.177441,22793.305,26659.102,7265115.0
Bulgaria,2014,BGR,6.264565,10.104898,23140.871,28695.912,7223938.0
Bulgaria,2015,BGR,6.7159996,11.299108,24080.256,30739.168,7177991.0
Bulgaria,2016,BGR,6.372504,9.809312,24983.693,29411.8,7127822.0
Bulgaria,2017,BGR,6.7161274,8.443123,25857.916,30376.139,7075947.0
Bulgaria,2018,BGR,6.203401,12.588994,26709.322,30743.451,7025037.0
Bulgaria,2019,BGR,6.0594864,10.773653,27917.12,29996.502,6975761.0
Bulgaria,2020,BGR,5.285019,11.53778,27182.047,27993.812,6934015.0
Bulgaria,2021,BGR,6.168972,13.715241,29536.678,32224.797,6877743.0
Bulgaria,2022,BGR,6.8806005,12.46647,31813.936,33836.168,6643324.0
Bulgaria,2023,BGR,5.311196,15.011163,33403.375,29796.03,6446596.0
Canada,2010,CAN,16.221796,27.808294,51763.676,110485.93,34005902.0
Canada,2011,CAN,16.301949,28.648472,52869.387,113449.32,34339221.0
Canada,2012,CAN,16.156395,29.00381,53217.715,112586.7,34713395.0
Canada,2013,CAN,16.117868,28.980621,53884.844,114051.086,35080992.0
Canada,2014,CAN,15.896765,28.198492,54880.86,113198.414,35434066.0
Canada,2015,CAN,15.728859,28.918821,54819.188,112484.586,35704498.0
Canada,2016,CAN,15.3733425,29.662228,54765.305,110318.586,36110803.0
Canada,2017,CAN,15.474789,29.78379,55756.26,110470.54,36545075.0
Canada,2018,CAN,15.527008,28.792355,56470.46,110439.84,37072620.0
Canada,2019,CAN,15.404461,28.550873,56713.09,108410.72,37618495.0
Canada,2020,CAN,13.795024,30.752234,53274.91,100866.02,38028638.0
Canada,2021,CAN,14.050852,30.284687,55781.7,101349.1,38239864.0
Canada,2022,CAN,14.183269,30.560762,56872.605,103290.68,38939056.0
Canada,2023,CAN,13.977411,29.263187,55918.93,99916.4,40097761.0
Chile,2010,CHL,4.1525984,19.835663,24125.287,21403.44,17181464.0
Chile,2011,CHL,4.499339,18.481121,25375.229,22459.62,17351816.0
Chile,2012,CHL,4.54481,18.747072,26679.916,23224.074,17519119.0
Chile,2013,CHL,4.6213045,18.79665,27300.996,23629.986,17687006.0
Chile,2014,CHL,4.3433294,20.39204,27514.764,23154.375,17864195.0
Chile,2015,CHL,4.5314765,21.905157,27821.197,23180.021,18047625.0
Chile,2016,CHL,4.612125,20.180143,27968.604,23993.93,18267221.0
Chile,2017,CHL,4.5336003,22.318325,27902.846,24517.238,18558868.0
Chile,2018,CHL,4.4692864,24.333767,28502.725,25039.64,18893191.0
Chile,2019,CHL,4.791046,23.463417,28228.5,24894.514,19197744.0
Chile,2020,CHL,4.1391754,25.859335,26257.832,22925.926,19370624.0
Chile,2021,CHL,4.29965,24.355661,29105.102,24462.756,19456334.0
Chile,2022,CHL,4.221193,27.08363,29557.393,25684.15,19553036.0
Chile,2023,CHL,3.9314575,30.532255,29462.64,25678.967,19658835.0
China,2010,CHN,6.3782344,7.6156235,10267.806,21551.547,1337705000.0
China,2011,CHN,7.0077763,7.083536,11187.166,23090.885,1345035000.0
China,2012,CHN,7.140667,8.521457,11985.317,23873.2,1354190000.0
China,2013,CHN,7.2199216,8.958172,12830.37,24600.36,1363240000.0
China,2014,CHN,7.1978407,10.227447,13696.518,25071.705,1371860000.0
China,2015,CHN,7.0648346,10.835855,14575.935,25210.303,1379860000.0
China,2016,CHN,6.9532394,11.725009,15485.213,25164.398,1387790000.0
China,2017,CHN,7.084865,12.291223,16461.07,25987.383,1396215000.0
China,2018,CHN,7.2818375,12.862764,17490.166,27104.984,1402760000.0
China,2019,CHN,7.5264006,13.459068,18465.299,28264.688,1407745000.0
China,2020,CHN,7.6471825,14.080283,18833.785,29119.828,1411100000.0
China,2021,CHN,8.025529,14.896213,20406.73,30750.547,1412360000.0
China,2022,CHN,7.964287,15.9457655,21011.617,31220.076,1412175000.0
China,2023,CHN,8.366814,16.164698,22137.6,33266.83,1410710000.0
Colombia,2010,COL,1.7032403,28.606323,14293.021,9474.296,44777319.0
Colombia,2011,COL,1.6841562,32.644135,15123.193,9794.911,45259614.0
Colombia,2012,COL,1.7555273,30.217394,15558.091,10308.172,45715810.0
Colombia,2013,COL,1.90903,27.414104,16202.396,10490.081,46151584.0
Colombia,2014,COL,2.0203397,26.4035,16780.871,10938.481,46565429.0
Colombia,2015,COL,2.0877993,27.78511,17128.107,10259.04,46969940.0
Colombia,2016,COL,1.9859419,25.639427,17313.287,11435.303,47437512.0
Colombia,2017,COL,1.7994725,30.291828,17295.764,11368.834,48131078.0
Colombia,2018,COL,1.7691385,29.727283,17416.014,11332.247,49024465.0
Colombia,2019,COL,1.893445,28.663414,17652.896,11221.787,49907985.0
Colombia,2020,COL,1.7723011,29.010368,16150.725,10064.389,50629997.0
Colombia,2021,COL,1.842679,30.987612,17700.06,11156.515,51188173.0
Colombia,2022,COL,1.8998168,30.924702,18788.406,11760.556,51737944.0
Colombia,2023,COL,2.0114,28.916952,18692.385,12028.095,52321152.0
Croatia,2010,HRV,4.8792653,23.851255,28691.814,24781.908,4295427.0
Croatia,2011,HRV,4.817025,15.510488,28762.904,21703.076,4280622.0
Croatia,2012,HRV,4.47417,16.895237,28248.32,20222.29,4260368.0
Croatia,2013,HRV,4.3386483,26.756195,28389.107,22296.646,4233922.0
Croatia,2014,HRV,4.184725,28.475935,28448.125,22411.174,4201598.0
Croatia,2015,HRV,4.255345,22.67194,29458.7,21392.176,4151725.0
Croatia,2016,HRV,4.373376,23.881334,30811.209,22428.08,4106867.0
Croatia,2017,HRV,4.5889683,20.280275,32337.545,22608.02,4041407.0
Croatia,2018,HRV,4.39835,27.056107,33715.938,23593.492,3988775.0
Croatia,2019,HRV,4.472901,24.222437,35107.934,23200.729,3949390.0
Croatia,2020,HRV,4.2696104,26.004786,32479.234,22304.447,3914206.0
Croatia,2021,HRV,4.436339,29.736883,36914.113,24213.969,3878981.0
Croatia,2022,HRV,4.5068507,26.013306,39844.137,23116.37,3855641.0
Croatia,2023,HRV,4.497998,31.566439,41116.87,25236.2,3859686.0
Czechia,2010,CZE,11.2267275,3.8938859,40896.73,49083.73,10474410.0
Czechia,2011,CZE,10.975148,4.9096026,41535.613,47823.707,10496088.0
Czechia,2012,CZE,10.591444,5.3718815,41157.88,47515.48,10510785.0
Czechia,2013,CZE,10.153296,6.2181935,41127.027,46623.125,10514272.0
Czechia,2014,CZE,9.911981,6.416,42006.17,45633.617,10525347.0
Czechia,2015,CZE,9.976934,6.6330338,44002.566,44728.72,10546059.0
Czechia,2016,CZE,10.126231,6.700512,45051.61,44110.242,10566332.0
Czechia,2017,CZE,10.221304,6.499982,47256.684,46583.156,10594438.0
Czechia,2018,CZE,10.080272,6.3605146,48431.953,46420.777,10629928.0
Czechia,2019,CZE,9.569924,6.9432154,49961.797,45355.47,10671870.0
Czechia,2020,CZE,8.689388,7.7524385,47196.45,42025.414,10697858.0
Czechia,2021,CZE,9.17754,7.481806,49995.703,44374.195,10505772.0
Czechia,2022,CZE,8.91092,7.5352736,50617.7,43427.824,10672118.0
Czechia,2023,CZE,7.92107,7.9845033,49681.06,40339.277,10864042.0
Denmark,2010,DNK,8.864642,15.567867,60233.363,42511.805,5547683.0
Denmark,2011,DNK,7.9390264,19.240635,60772.168,39629.48,5570572.0
Denmark,2012,DNK,7.1270123,22.003109,60540.64,36644.37,5591572.0
Denmark,2013,DNK,7.436014,22.68556,61128.395,37633.344,5614932.0
Denmark,2014,DNK,6.656015,26.237986,61596.496,36024.77,5643475.0
Denmark,2015,DNK,6.17604,28.001373,62450.02,35044.344,5683483.0
Denmark,2016,DNK,6.4428453,26.942242,63868.758,35326.188,5728010.0
Denmark,2017,DNK,6.010725,31.503704,65398.793,35380.04,5764980.0
Denmark,2018,DNK,5.972235,30.349339,66285.73,34702.457,5793636.0
Denmark,2019,DNK,5.3214316,34.10149,67179.125,33825.047,5814422.0
Denmark,2020,DNK,4.8519464,38.468384,65791.11,30294.584,5831404.0
Denmark,2021,DNK,5.051886,40.294327,70342.32,32358.58,5856733.0
Denmark,2022,DNK,4.816581,41.246773,70865.44,33537.797,5903037.0
Denmark,2023,DNK,4.5837965,42.73486,72097.305,33078.332,5946952.0
Ecuador,2010,ECU,2.4061325,15.955793,11651.343,10353.473,15076695.0
Ecuador,2011,ECU,2.4966385,19.212603,12433.759,10805.037,15326227.0
Ecuador,2012,ECU,2.4022887,19.8579,12945.077,11233.192,15572194.0
Ecuador,2013,ECU,2.5086834,17.394707,13672.307,11416.987,15807128.0
Ecuador,2014,ECU,2.7272305,17.304941,14047.491,11816.219,16035124.0
Ecuador,2015,ECU,2.53752,19.689713,13864.487,11610.723,16266225.0
Ecuador,2016,ECU,2.3845396,23.698437,13569.797,11399.546,16505139.0
Ecuador,2017,ECU,2.3374374,28.42279,14161.705,11685.353,16759519.0
Ecuador,2018,ECU,2.2539744,27.421818,14066.176,12128.832,17049547.0
Ecuador,2019,ECU,2.3103745,31.70298,13853.421,12184.978,17340021.0
Ecuador,2020,ECU,1.8756075,36.008568,12425.018,10396.6455,17546065.0
Ecuador,2021,ECU,2.16058,32.326263,13539.711,11945.164,17682454.0
Ecuador,2022,ECU,2.2734714,29.61888,14263.204,12373.124,17823897.0
Ecuador,2023,ECU,2.4011562,28.97765,14472.316,12880.897,17980083.0
Egypt,2010,EGY,2.282698,4.4617195,13128.988,10258.876,89196072.0
Egypt,2011,EGY,2.3812723,4.315468,13082.427,10555.752,91093059.0
Egypt,2012,EGY,2.2942393,4.160286,13076.806,10739.813,93161001.0
Egypt,2013,EGY,2.2176762,4.15519,13058.075,10422.903,95333553.0
Egypt,2014,EGY,2.3264904,4.1552024,13136.365,10063.2705,97528654.0
Egypt,2015,EGY,2.253874,4.3093953,13425.912,9988.438,99597342.0
Egypt,2016,EGY,2.3550935,4.1127086,13727.32,10324.906,101644589.0
Egypt,2017,EGY,2.513841,3.8524866,14018.36,10519.223,103696057.0
Egypt,2018,EGY,2.358181,4.065821,14488.209,10327.142,105682094.0
Egypt,2019,EGY,2.4057102,5.1530914,15026.568,9951.896,107553158.0
Egypt,2020,EGY,2.1530209,6.528981,15309.236,9203.625,109315124.0
Egypt,2021,EGY,2.3516853,6.0273504,15579.016,9689.934,110957008.0
Egypt,2022,EGY,2.4078574,5.699291,16360.391,9968.82,112618250.0
Egypt,2023,EGY,2.3486664,5.891331,16691.133,9703.661,114535772.0
Estonia,2010,EST,14.244142,4.5134435,30936.557,54934.047,1331475.0
Estonia,2011,EST,14.275455,5.002608,33391.11,54965.195,1327439.0
Estonia,2012,EST,13.42947,6.1861205,34741.37,55559.734,1322696.0
Estonia,2013,EST,14.898127,4.875871,35477.637,58774.098,1317997.0
Estonia,2014,EST,14.290873,5.822954,36752.746,56416.676,1314545.0
Estonia,2015,EST,12.003931,6.8995023,37403.79,52200.957,1315407.0
Estonia,2016,EST,13.248889,6.7311354,38549.473,53774.24,1315790.0
Estonia,2017,EST,14.131093,7.1341434,40672.336,59568.504,1317384.0
Estonia,2018,EST,13.465802,8.032092,42030.55,58903.477,1321977.0
Estonia,2019,EST,9.261651,10.686006,43435.2,47293.754,1326898.0
Estonia,2020,EST,6.917965,15.784544,42099.355,44178.688,1329522.0
Estonia,2021,EST,7.802623,14.641426,45063.543,46211.348,1330932.0
Estonia,2022,EST,8.708775,13.766856,44492.12,47804.645,1348840.0
Estonia,2023,EST,7.3282313,15.521677,42471.824,41967.047,1370286.0
Finland,2010,FIN,11.950097,19.707203,54520.086,69228.28,5363352.0
Finland,2011,FIN,10.5131855,21.06651,55565.156,64942.777,5388272.0
Finland,2012,FIN,9.448784,25.105116,54459.246,62886.45,5413971.0
Finland,2013,FIN,9.50887,22.765919,53677.812,62843.996,5438972.0
Finland,2014,FIN,8.719377,24.830048,53200.723,60391.24,5461512.0
Finland,2015,FIN,8.064728,28.261705,53273.14,60022.977,5479531.0
Finland,2016,FIN,8.598248,26.694275,54486.46,60795.297,5495303.0
Finland,2017,FIN,8.107141,28.758484,56154.418,59405.816,5508214.0
Finland,2018,FIN,8.291627,28.735558,56749.004,60528.164,5515525.0
Finland,2019,FIN,7.686383,29.32629,57451.63,59219.324,5521606.0
Finland,2020,FIN,6.8179035,33.45363,55940.074,56777.6,5529543.0
Finland,2021,FIN,6.821489,35.85605,57350.87,57919.223,5541017.0
Finland,2022,FIN,6.5299587,35.68258,58024.477,57885.66,5556106.0
Finland,2023,FIN,5.6456437,35.936253,57063.523,59896.703,5583911.0
France,2010,FRA,5.93619,8.210716,50424.957,48062.32,65026211.0
France,2011,FRA,5.5602403,7.181137,51405.387,46149.176,65340830.0
France,2012,FRA,5.564287,9.037564,51251.375,45884.934,65657659.0
France,2013,FRA,5.570985,10.23553,51385.727,46169.375,65997932.0
France,2014,FRA,5.052249,10.241491,51652.617,43983.484,66312067.0
France,2015,FRA,5.1064253,9.901025,52018.332,44229.48,66548272.0
France,2016,FRA,5.13468,10.735397,52327.45,43217.41,66724104.0
France,2017,FRA,5.1635575,10.140911,53262.957,42948.914,66918020.0
France,2018,FRA,4.9136486,11.915838,53945.88,43389.094,67158348.0
France,2019,FRA,4.7926087,12.15705,54856.867,42384.668,67382061.0
France,2020,FRA,4.25596,14.716146,50610.633,37859.246,67601110.0
France,2021,FRA,4.6245623,13.6294365,53901.11,40191.64,67842811.0
France,2022,FRA,4.4283843,14.591658,55106.332,35566.758,68065015.0
France,2023,FRA,4.101157,16.940176,55441.188,37164.297,68287487.0
Germany,2010,DEU,10.227281,8.792499,55233.316,47305.836,81776930.0
Germany,2011,DEU,9.949733,10.566928,58381.22,45571.484,80274983.0
Germany,2012,DEU,10.060888,11.899734,58548.1,46132.684,80425823.0
Germany,2013,DEU,10.263168,12.063284,58614.05,47361.52,80645605.0
Germany,2014,DEU,9.739707,13.335284,59636.555,45327.605,80982500.0
Germany,2015,DEU,9.7571745,14.878483,60099.637,46066.906,81686611.0
Germany,2016,DEU,9.642498,14.665688,60984.477,46658.38,82348669.0
Germany,2017,DEU,9.441113,16.26483,62407.164,47057.95,82657002.0
Germany,2018,DEU,9.116714,17.168362,62914.547,45691.598,82905782.0
Germany,2019,DEU,8.494904,18.82998,63392.95,44436.824,83092962.0
Germany,2020,DEU,7.752807,21.123863,60747.273,41328.74,83160871.0
Germany,2021,DEU,8.109933,19.06692,62950.047,42496.61,83196078.0
Germany,2022,DEU,7.9855165,21.36138,63353.94,40938.07,83797985.0
Germany,2023,DEU,7.051025,24.394201,63578.14,38052.27,83280000.0
Greece,2010,GRC,8.751235,8.131609,37618.684,34298.055,11121341.0
Greece,2011,GRC,8.507247,6.3986807,33953.367,33738.633,11104899.0
Greece,2012,GRC,8.2721405,8.401619,31293.428,31860.057,11045011.0
Greece,2013,GRC,7.4505033,12.436178,30804.97,30079.553,10965211.0
Greece,2014,GRC,7.218839,11.320253,31256.527,28344.934,10892413.0
Greece,2015,GRC,6.92429,13.459677,31391.312,28845.504,10820883.0
Greece,2016,GRC,6.6224217,13.661964,31512.123,28558.139,10775971.0
Greece,2017,GRC,6.9597645,12.052897,32039.643,30133.78,10754679.0
Greece,2018,GRC,6.6889873,13.840273,32767.568,30476.574,10732882.0
Greece,2019,GRC,6.132962,14.172345,33549.066,29968.463,10721582.0
Greece,2020,GRC,5.192684,17.601542,30529.26,26346.08,10698599.0
Greece,2021,GRC,5.436849,20.09628,33577.51,28963.67,10569207.0
Greece,2022,GRC,5.577904,19.641994,35956.25,30268.49,10436882.0
Greece,2023,GRC,5.388754,21.644836,36905.453,29510.96,10405588.0
Hong Kong,2010,HKG,5.6414247,0.05381598,56355.41,45030.29,7024200.0
Hong Kong,2011,HKG,6.0409045,0.13770953,58672.832,45897.434,7071600.0
Hong Kong,2012,HKG,5.935563,0.061687157,59015.324,43749.9,7150100.0
Hong Kong,2013,HKG,6.099286,0.1611944,60601.594,44543.734,7178900.0
Hong Kong,2014,HKG,6.2151847,0.15181382,61839.793,43144.723,7229500.0
Hong Kong,2015,HKG,5.755893,0.20598702,62779.727,44115.94,7291300.0
Hong Kong,2016,HKG,5.8539495,0.20709695,63749.39,45058.67,7336600.0
Hong Kong,2017,HKG,5.699413,0.2106131,65662.81,48159.26,7393200.0
Hong Kong,2018,HKG,5.702032,0.24167377,66993.93,48595.906,7452600.0
Hong Kong,2019,HKG,5.597313,0.25547945,65388.33,45963.055,7507900.0
Hong Kong,2020,HKG,4.472128,0.4387561,61328.55,34378.316,7481000.0
Hong Kong,2021,HKG,4.504877,0.6320362,65884.94,32504.035,7413100.0
Hong Kong,2022,HKG,4.2234635,0.9528749,64036.785,29038.205,7346100.0
Hong Kong,2023,HKG,4.550918,0.9380849,64467.574,33497.1,7536100.0
Hungary,2010,HUN,5.210173,4.081326,28156.037,27819.338,10000023.0
Hungary,2011,HUN,5.0425143,3.75528,28763.053,27072.97,9971727.0
Hungary,2012,HUN,4.711324,3.8991413,28550.514,25308.668,9920362.0
Hungary,2013,HUN,4.397333,4.2139344,29145.291,24057.62,9893082.0
Hungary,2014,HUN,4.4246006,4.9268494,30460.725,24145.828,9866468.0
Hungary,2015,HUN,4.732814,4.698194,31665.229,25501.146,9843028.0
Hungary,2016,HUN,4.794786,4.6759534,32457.826,26030.773,9814023.0
Hungary,2017,HUN,5.050659,4.5672145,33934.516,27509.97,9787966.0
Hungary,2018,HUN,5.051615,4.958271,35799.562,27740.646,9775564.0
Hungary,2019,HUN,5.032163,5.7964964,37557.926,28131.205,9771141.0
Hungary,2020,HUN,4.8318176,7.0143948,35949.918,27724.254,9750149.0
Hungary,2021,HUN,4.9785724,7.9829783,38648.0,29244.559,9709891.0
Hungary,2022,HUN,4.630455,9.2652645,40693.96,26789.283,9644377.0
Hungary,2023,HUN,4.1491246,10.97823,40543.992,24904.19,9592186.0
India,2010,IND,1.348904,6.450954,5059.2827,5038.8984,1243481564.0
India,2011,IND,1.3992052,7.426478,5249.5493,5241.9365,1261224954.0
India,2012,IND,1.5060126,6.692072,5460.4375,5452.142,1278674502.0
India,2013,IND,1.5396302,7.3276463,5732.2417,5560.02,1295829511.0
India,2014,IND,1.6371114,7.3362403,6079.8438,5862.7075,1312277191.0
India,2015,IND,1.6823633,7.1391196,6488.146,5994.3154,1328024498.0
India,2016,IND,1.7520504,6.973517,6940.626,6189.1133,1343944296.0
India,2017,IND,1.7847193,7.4859,7326.607,6351.181,1359657400.0
India,2018,IND,1.886328,7.9542136,7714.34,6638.485,1374659064.0
India,2019,IND,1.8810879,8.904294,7930.0913,6736.5117,1389030312.0
India,2020,IND,1.7264521,9.739235,7399.531,6322.2974,1402617695.0
India,2021,IND,1.8909733,9.488208,8050.0186,6809.693,1414203896.0
India,2022,IND,1.9861935,10.273168,8544.688,7129.11,1425423212.0
India,2023,IND,2.129469,9.676426,9160.063,7586.1997,1438069596.0
Indonesia,2010,IDN,1.8099737,4.3475184,8848.225,7123.851,246305322.0
Indonesia,2011,IDN,2.0071535,3.431125,9274.97,7431.6963,249470032.0
Indonesia,2012,IDN,2.041778,3.5263355,9708.612,7576.4053,252698525.0
Indonesia,2013,IDN,1.9114735,4.4679456,10121.814,7145.6704,255852467.0
Indonesia,2014,IDN,1.8846375,4.608102,10504.387,7179.4966,258877399.0
Indonesia,2015,IDN,2.0593998,3.9044187,10893.662,7202.4644,261799249.0
Indonesia,2016,IDN,2.0409288,5.6316724,11319.663,7243.88,264627418.0
Indonesia,2017,IDN,2.0832288,5.4710994,11772.574,7439.3833,267346658.0
Indonesia,2018,IDN,2.2007682,7.7867928,12262.231,8056.51,269951846.0
Indonesia,2019,IDN,2.3993292,8.279649,12757.785,8530.325,272489381.0
Indonesia,2020,IDN,2.213211,10.217818,12388.545,7959.1304,274814866.0
Indonesia,2021,IDN,2.23886,10.79372,12757.074,8087.7715,276758053.0
Indonesia,2022,IDN,2.6434436,9.899512,13334.294,10132.153,278830529.0
Indonesia,2023,IDN,2.6075745,10.446613,13889.883,10116.714,281190067.0
Iran,2010,IRN,7.2525234,1.1913837,14737.156,32248.412,77420842.0
Iran,2011,IRN,7.3503466,1.1921026,14941.26,33107.25,78383598.0
Iran,2012,IRN,7.5484037,1.3767738,14202.551,32998.57,79370580.0
Iran,2013,IRN,7.5836825,1.5277675,13804.791,33801.54,80414686.0
Iran,2014,IRN,7.903496,1.444072,14299.571,34628.117,81502045.0
Iran,2015,IRN,7.7695036,1.320366,13905.192,33449.17,82619362.0
Iran,2016,IRN,7.692004,1.4484855,14915.594,34628.83,83812228.0
Iran,2017,IRN,8.190366,1.5695099,15108.109,35445.574,85026754.0
Iran,2018,IRN,8.009745,0.92631114,14642.498,36159.855,86117998.0
Iran,2019,IRN,8.447259,2.8355055,14040.665,37705.78,87051648.0
Iran,2020,IRN,8.62491,1.9334664,14397.153,38812.543,87723443.0
Iran,2021,IRN,8.815236,1.2263017,14951.895,37783.53,88455488.0
Iran,2022,IRN,8.944471,1.2014121,15331.333,39151.336,89524246.0
Iran,2023,IRN,9.026508,1.8229214,15912.03,39598.59,90608707.0
Iraq,2017,IRQ,4.237806,1.0475221,14417.631,14320.764,39337353.0
Iraq,2018,IRQ,4.5889473,0.98314315,14456.235,14547.464,40265624.0
Iraq,2019,IRQ,4.6182113,2.2004015,14910.225,15390.483,41192171.0
Ireland,2010,IRL,9.166745,6.468354,58986.598,39407.06,4560155.0
Ireland,2011,IRL,8.309568,9.50042,59698.258,37465.4,4580084.0
Ireland,2012,IRL,8.309446,9.308356,59208.66,36688.957,4599533.0
Ireland,2013,IRL,8.060954,10.137973,60188.855,35956.3,4623816.0
Ireland,2014,IRL,7.910841,11.478303,65328.8,35600.855,4657740.0
Ireland,2015,IRL,8.233164,13.121304,80644.28,37274.28,4701957.0
Ireland,2016,IRL,8.4921,11.98258,80713.984,38516.9,4755335.0
Ireland,2017,IRL,8.123473,14.191961,87863.664,38224.62,4807388.0
Ireland,2018,IRL,8.006022,15.6791315,93328.98,38571.54,4867316.0
Ireland,2019,IRL,7.5653806,18.009615,96701.664,38267.508,4934340.0
Ireland,2020,IRL,7.0494823,21.518867,102562.54,35598.938,4985382.0
Ireland,2021,IRL,7.4664645,18.387724,118102.766,35986.184,5033164.0
Ireland,2022,IRL,7.1842723,20.03623,124991.3,37022.3,5165700.0
Ireland,2023,IRL,6.6260405,22.302807,114922.39,35746.33,5307600.0
Israel,2010,ISR,9.3076,0.23017603,37424.074,36168.523,7623600.0
Israel,2011,ISR,9.181502,0.368569,38782.516,36202.535,7765800.0
Israel,2012,ISR,9.830104,0.52630293,39040.465,37239.395,7910500.0
Israel,2013,ISR,8.142046,0.6158397,39939.812,34578.957,8059500.0
Israel,2014,ISR,7.6334467,1.0545208,40702.75,33145.016,8215700.0
Israel,2015,ISR,7.815752,1.3535545,40827.438,34348.75,8380100.0
Israel,2016,ISR,7.449998,1.8459212,41783.31,34387.754,8546000.0
Israel,2017,ISR,7.037425,1.8471863,42732.34,34381.566,8713300.0
Israel,2018,ISR,7.048836,1.9937472,43624.824,34554.734,8882800.0
Israel,2019,ISR,6.775189,3.0705597,44419.97,35026.562,9054000.0
Israel,2020,ISR,6.7220626,4.2514257,43004.207,32559.027,9215100.0
Israel,2021,ISR,6.5983253,5.162033,46238.223,32813.754,9371400.0
Israel,2022,ISR,6.6951056,5.6662054,48271.418,34148.94,9557500.0
Israel,2023,ISR,6.4269466,7.0659175,48432.11,33730.26,9756600.0
Italy,2010,ITA,7.242025,11.430808,50391.234,34046.293,59277417.0
Italy,2011,ITA,7.0218573,12.443046,50654.496,33284.145,59379449.0
Italy,2012,ITA,6.6649837,14.165738,48939.332,32295.604,59539717.0
Italy,2013,ITA,6.0915313,17.610695,47495.805,30816.12,60233948.0
Italy,2014,ITA,5.759587,19.739758,47061.367,29214.83,60789140.0
Italy,2015,ITA,5.963726,17.510365,47523.953,30129.14,60730582.0
Italy,2016,ITA,5.9218903,17.231768,48193.258,30305.607,60627498.0
Italy,2017,ITA,5.839991,16.370815,49039.57,30716.617,60536709.0
Italy,2018,ITA,5.7909245,17.727497,49539.02,30957.242,60421760.0
Italy,2019,ITA,5.6483135,17.864973,50328.594,30464.064,59729081.0
Italy,2020,ITA,5.0507216,20.03473,46089.297,27763.803,59438851.0
Italy,2021,ITA,5.6250086,18.57917,50465.086,29854.95,59133173.0
Italy,2022,ITA,5.714151,16.526909,52924.61,29104.418,59013667.0
Italy,2023,ITA,5.2682986,19.27818,53312.07,28051.86,58993475.0
Japan,2010,JPN,9.476896,5.649895,41106.26,46709.957,128070000.0
Japan,2011,JPN,9.873789,5.6971593,41192.277,44288.176,127833000.0
Japan,2012,JPN,10.20883,5.6249747,41825.312,43924.3,127629000.0
Japan,2013,JPN,10.298001,6.106115,42725.55,43669.05,127445000.0
Japan,2014,JPN,9.913247,6.918495,42909.004,42605.56,127276000.0
Japan,2015,JPN,9.610619,8.037719,43624.926,42152.383,127141000.0
Japan,2016,JPN,9.461977,7.962104,43976.266,41699.695,127076000.0
Japan,2017,JPN,9.345515,8.4127655,44749.637,42275.17,126972000.0
Japan,2018,JPN,9.002051,9.054853,45094.734,42109.38,126811000.0
Japan,2019,JPN,8.725205,9.284181,44976.508,41382.203,126633000.0
Japan,2020,JPN,8.237897,10.928532,43238.297,38526.55,126261000.0
Japan,2021,JPN,8.449326,11.268134,44549.34,40425.16,125681593.0
Japan,2022,JPN,8.261658,11.606308,45174.73,40377.67,125124989.0
Japan,2023,JPN,7.95029,12.584244,46157.637,39209.965,124516650.0
Kazakhstan,2010,KAZ,14.777387,3.642986,26374.84,36757.344,16836810.0
Kazakhstan,2011,KAZ,14.003776,3.1336143,27946.16,41151.434,17066002.0
Kazakhstan,2012,KAZ,14.234627,2.8702004,28881.242,42674.324,17306106.0
Kazakhstan,2013,KAZ,14.533967,2.8818953,30177.488,42177.832,17556502.0
Kazakhstan,2014,KAZ,15.395486,2.9155889,30986.438,43718.62,17816285.0
Kazakhstan,2015,KAZ,15.409165,4.0009217,30893.76,35653.344,18084169.0
Kazakhstan,2016,KAZ,15.122116,4.511002,30758.322,39346.42,18363600.0
Kazakhstan,2017,KAZ,15.734422,4.0515256,31524.441,41765.4,18651931.0
Kazakhstan,2018,KAZ,16.22455,3.6561053,32330.227,42571.65,18932727.0
Kazakhstan,2019,KAZ,14.330919,3.662659,33298.21,42588.3,19209555.0
Kazakhstan,2020,KAZ,13.113933,4.258704,32011.549,38775.867,19482117.0
Kazakhstan,2021,KAZ,12.92284,4.0059314,32945.85,42831.074,19743603.0
Kazakhstan,2022,KAZ,12.69876,4.228879,33506.26,42235.43,20034609.0
Kazakhstan,2023,KAZ,12.550943,4.5201697,34703.234,42234.96,20330104.0
Latvia,2010,LVA,4.077879,20.99727,23264.59,23635.057,2097555.0
Latvia,2011,LVA,3.7919629,19.912294,24411.438,21346.463,2059709.0
Latvia,2012,LVA,3.6959643,25.260374,26521.684,22381.162,2034319.0
Latvia,2013,LVA,3.660656,22.860985,27369.172,21775.47,2012647.0
Latvia,2014,LVA,3.5967214,19.858122,28206.936,20261.896,1993782.0
Latvia,2015,LVA,3.6719465,19.562021,29514.736,20957.162,1977527.0
Latvia,2016,LVA,3.6792696,22.235506,30545.74,22548.604,1959537.0
Latvia,2017,LVA,3.714361,30.942255,31865.121,25054.545,1942248.0
Latvia,2018,LVA,4.0763845,23.44276,33498.4,22506.594,1927174.0
Latvia,2019,LVA,3.9956133,20.844694,33959.92,23394.7,1913822.0
Latvia,2020,LVA,3.6810806,26.025894,33012.453,21537.639,1900449.0
Latvia,2021,LVA,3.8387253,25.3048,35604.9,22746.469,1884490.0
Latvia,2022,LVA,3.5192242,27.408604,36348.81,20789.912,1879383.0
Latvia,2023,LVA,3.4600034,31.915909,37007.367,21982.455,1877445.0
Lithuania,2010,LTU,4.4660387,4.697627,27225.742,21088.777,3097282.0
Lithuania,2011,LTU,4.6197767,5.3255224,29608.605,22161.72,3028115.0
Lithuania,2012,LTU,4.7130303,5.892642,31323.63,22404.16,2987773.0
Lithuania,2013,LTU,4.4551983,7.8772025,32922.773,20941.715,2957689.0
Lithuania,2014,LTU,4.3928776,8.20071,34459.82,20436.076,2932367.0
Lithuania,2015,LTU,4.5043416,8.635307,35770.94,21632.049,2904910.0
Lithuania,2016,LTU,4.585339,9.8842945,37196.375,22404.107,2868231.0
Lithuania,2017,LTU,4.7079244,11.358492,39459.9,23808.36,2828403.0
Lithuania,2018,LTU,4.80661,9.914701,41797.613,24675.344,2801543.0
Lithuania,2019,LTU,4.904179,10.875838,43868.605,24778.893,2794137.0
Lithuania,2020,LTU,4.851269,11.799221,43875.64,24924.742,2794885.0
Lithuania,2021,LTU,4.956657,12.441872,46575.69,25173.395,2800839.0
Lithuania,2022,LTU,4.5641627,14.903523,47238.098,23659.957,2831639.0
Lithuania,2023,LTU,4.366298,17.464674,46740.41,24397.867,2871585.0
Luxembourg,2010,LUX,22.063877,2.5002356,133098.05,98832.99,506953.0
Luxembourg,2011,LUX,21.40082,2.5544233,131531.75,94211.61,518347.0
Luxembourg,2012,LUX,20.467789,2.9861996,130529.234,90375.62,530946.0
Luxembourg,2013,LUX,19.019583,3.662436,131592.6,84137.46,543360.0
Luxembourg,2014,LUX,17.647102,4.3592978,131898.62,79619.14,556319.0
Luxembourg,2015,LUX,16.409683,5.030449,131746.33,75576.625,569604.0
Luxembourg,2016,LUX,15.579897,5.4342875,135355.89,72784.555,582014.0
Luxembourg,2017,LUX,15.52992,6.6963987,133845.17,74384.77,596336.0
Luxembourg,2018,LUX,15.734253,7.1412535,132889.08,76376.74,607950.0
Luxembourg,2019,LUX,15.741836,7.9173098,134105.64,76273.7,620001.0
Luxembourg,2020,LUX,12.806264,10.869298,130689.5,64309.535,630419.0
Luxembourg,2021,LUX,13.152365,10.174548,137947.34,67594.57,640064.0
Luxembourg,2022,LUX,11.138974,11.169679,137059.19,59857.266,653103.0
Luxembourg,2023,LUX,10.5150585,11.749724,132846.58,57341.914,666430.0
Malaysia,2010,MYS,6.9565897,2.3300166,23307.97,32487.746,28655776.0
Malaysia,2011,MYS,6.976631,2.8877702,24115.818,32524.594,29162039.0
Malaysia,2012,MYS,7.180377,3.0349357,25006.36,35010.12,29662831.0
Malaysia,2013,MYS,8.009191,3.5195735,25736.354,36062.55,30174265.0
Malaysia,2014,MYS,7.9830947,3.8796122,26818.432,35862.223,30696137.0
Malaysia,2015,MYS,7.5541906,4.0509195,27699.627,35874.363,31232798.0
Malaysia,2016,MYS,7.464497,5.2360177,28425.371,37184.793,31789685.0
Malaysia,2017,MYS,7.5553236,6.6614723,29551.545,37168.01,32355644.0
Malaysia,2018,MYS,7.980434,6.67183,30459.965,37333.42,32910967.0
Malaysia,2019,MYS,8.368345,6.7743883,31300.508,37824.06,33440596.0
Malaysia,2020,MYS,7.7663965,7.542022,29200.453,36037.035,33889558.0
Malaysia,2021,MYS,7.967726,7.909985,29822.85,37131.54,34282399.0
Malaysia,2022,MYS,8.227246,7.8370423,32079.152,39226.555,34695493.0
Malaysia,2023,MYS,8.2224455,7.88792,32812.3,38920.656,35126298.0
Mexico,2010,MEX,4.016841,6.1123457,20298.826,18887.48,113623895.0
Mexico,2011,MEX,4.193744,5.743796,20702.826,19464.541,115243504.0
Mexico,2012,MEX,4.2928996,5.3235054,21149.451,19367.398,116818208.0
Mexico,2013,MEX,4.1862464,4.936131,21054.742,19122.215,118343573.0
Mexico,2014,MEX,4.040971,6.612726,21322.33,18782.85,119784261.0
Mexico,2015,MEX,3.959897,5.9951878,21665.557,18355.58,121072306.0
Mexico,2016,MEX,3.9167497,5.9304824,21836.922,18543.55,122251351.0
Mexico,2017,MEX,3.7634234,6.0061207,22038.57,18668.822,123400057.0
Mexico,2018,MEX,3.7601306,6.582444,22261.46,18266.324,124573711.0
Mexico,2019,MEX,3.7231612,6.9041133,21964.354,17919.082,125762982.0
Mexico,2020,MEX,3.3828366,9.102366,19964.967,16205.912,126799054.0
Mexico,2021,MEX,3.500515,10.009288,21031.709,17172.896,127648148.0
Mexico,2022,MEX,3.6181056,9.688393,21643.973,17827.531,128613117.0
Mexico,2023,MEX,3.7199361,8.60977,22142.607,18279.035,129739759.0
Morocco,2010,MAR,1.6744775,5.875152,7210.6367,6005.15,32467016.0
Morocco,2011,MAR,1.6670738,3.6347337,7503.793,6222.626,32912588.0
Morocco,2012,MAR,1.707486,3.1035633,7628.644,6249.124,33355241.0
Morocco,2013,MAR,1.6753646,5.0947366,7839.032,6330.0835,33787571.0
Morocco,2014,MAR,1.6715494,4.4455295,7951.7983,6336.756,34204780.0
Morocco,2015,MAR,1.690244,5.377317,8198.809,6368.3936,34607588.0
Morocco,2016,MAR,1.6690971,5.5828094,8141.9404,6361.196,35023457.0
Morocco,2017,MAR,1.7238381,5.275795,8450.009,6580.7236,35446392.0
Morocco,2018,MAR,1.7384603,7.0946255,8611.75,6730.607,35839760.0
Morocco,2019,MAR,1.898318,7.536463,8768.176,7267.464,36210898.0
Morocco,2020,MAR,1.7648122,7.5576315,8054.563,6610.578,36584208.0
Morocco,2021,MAR,1.9008626,7.5325413,8623.266,7256.7217,36954442.0
Morocco,2022,MAR,1.8619709,6.983913,8666.079,7129.506,37329064.0
Morocco,2023,MAR,1.82082,8.444775,8868.712,7169.151,37712505.0
Netherlands,2010,NLD,10.869165,3.1363819,62191.176,70448.46,16615394.0
Netherlands,2011,NLD,10.038659,3.6624486,62999.508,66766.09,16693074.0
Netherlands,2012,NLD,9.788568,3.7893713,62153.023,65277.332,16754962.0
Netherlands,2013,NLD,9.7104645,3.7412922,61951.316,63014.336,16804432.0
Netherlands,2014,NLD,9.239101,3.7868385,62724.246,59946.082,16865008.0
Netherlands,2015,NLD,9.571497,4.1951375,63771.105,60209.23,16939923.0
Netherlands,2016,NLD,9.567643,4.3173294,64970.418,60966.062,17030314.0
Netherlands,2017,NLD,9.360355,5.008647,66383.98,61149.168,17131296.0
Netherlands,2018,NLD,9.071813,5.737525,67488.18,59398.777,17231624.0
Netherlands,2019,NLD,8.691241,6.986749,68589.68,58878.89,17344874.0
Netherlands,2020,NLD,7.7491956,10.121376,65571.375,56792.12,17441500.0
Netherlands,2021,NLD,7.8781476,11.943982,69323.33,57972.38,17533044.0
Netherlands,2022,NLD,7.106702,15.030195,72103.87,54383.41,17700982.0
Netherlands,2023,NLD,6.558991,17.788414,71446.695,54177.977,17877117.0
New Zealand,2010,NZL,8.005984,38.80251,41374.203,54098.344,4350700.0
New Zealand,2011,NZL,7.8176785,39.607246,41980.227,53887.79,4384000.0
New Zealand,2012,NZL,8.146944,36.96346,42706.58,53930.22,4408100.0
New Zealand,2013,NZL,7.9118466,36.980663,43549.457,53827.734,4442100.0
New Zealand,2014,NZL,7.8345513,37.562542,44440.12,55530.72,4516500.0
New Zealand,2015,NZL,7.7594914,38.143597,45170.42,54937.03,4609400.0
New Zealand,2016,NZL,7.2423096,38.860992,45822.71,54773.03,4714100.0
New Zealand,2017,NZL,7.414659,37.031902,46400.08,54747.777,4813600.0
New Zealand,2018,NZL,7.285045,38.040825,47171.28,53419.14,4900600.0
New Zealand,2019,NZL,7.3620214,36.802734,47523.23,53172.613,4979200.0
New Zealand,2020,NZL,6.710805,39.0924,46289.387,47273.44,5090200.0
New Zealand,2021,NZL,6.7198505,40.126682,48194.043,45918.477,5111300.0
New Zealand,2022,NZL,6.1597934,43.18354,49474.242,44782.684,5117200.0
New Zealand,2023,NZL,5.8226275,42.266953,48826.574,45740.266,5223100.0
North Macedonia,2010,MKD,3.9900906,19.919964,16902.83,16189.779,1946298.0
North Macedonia,2011,MKD,4.331296,11.718409,17377.803,16113.007,1937398.0
North Macedonia,2012,MKD,4.185888,9.136693,17366.447,14934.357,1929821.0
North Macedonia,2013,MKD,3.7200131,14.4492035,17940.512,14327.82,1922716.0
North Macedonia,2014,MKD,3.6057072,12.526905,18641.613,13282.118,1917557.0
North Macedonia,2015,MKD,3.411853,18.581673,19412.312,13983.399,1912430.0
North Macedonia,2016,MKD,3.394582,18.150696,20029.28,14497.308,1906313.0
North Macedonia,2017,MKD,3.6850967,11.816665,20327.588,13936.254,1898657.0
North Macedonia,2018,MKD,3.97764,17.191957,21019.49,14396.216,1889051.0
North Macedonia,2019,MKD,4.0298004,11.507518,21990.316,14690.129,1876262.0
North Macedonia,2020,MKD,3.718851,14.104891,21186.709,13125.045,1856124.0
North Macedonia,2021,MKD,3.505421,15.087525,22371.496,13786.6455,1837114.0
North Macedonia,2022,MKD,3.8731613,13.533761,23056.498,14631.11,1831712.0
North Macedonia,2023,MKD,4.0665092,16.805178,23584.564,16076.155,1827816.0
Norway,2010,NOR,9.331146,65.90388,83467.305,102078.37,4889252.0
Norway,2011,NOR,9.034477,66.96795,83302.54,101829.04,4953088.0
Norway,2012,NOR,8.81318,70.38137,84450.15,111948.3,5018573.0
Norway,2013,NOR,8.762845,68.14793,84283.03,103150.65,5079623.0
Norway,2014,NOR,8.751203,69.13617,85044.75,105662.38,5137232.0
Norway,2015,NOR,8.766163,68.88783,85766.61,106003.85,5188607.0
Norway,2016,NOR,8.532959,70.25825,86004.54,106657.97,5234519.0
Norway,2017,NOR,8.36972,70.08075,87414.586,106317.94,5276968.0
Norway,2018,NOR,8.359842,69.32386,87559.28,104010.87,5311916.0
Norway,2019,NOR,8.002147,67.99019,87947.55,96623.47,5347896.0
Norway,2020,NOR,7.664853,72.0769,86313.75,103599.2,5379475.0
Norway,2021,NOR,7.5864964,72.32895,89209.14,105215.01,5408320.0
Norway,2022,NOR,7.47844,70.73992,91068.6,98027.53,5457127.0
Norway,2023,NOR,7.0484023,72.0911,90469.81,101031.67,5519594.0
Pakistan,2010,PAK,0.7739538,11.174603,4228.7817,3809.427,199239047.0
Pakistan,2011,PAK,0.759775,11.411278,4246.067,3727.3542,203746065.0
Pakistan,2012,PAK,0.74527144,4.3177714,4292.021,3401.6619,207667125.0
Pakistan,2013,PAK,0.7194037,11.522534,4407.147,3661.008,211073978.0
Pakistan,2014,PAK,0.73136306,11.4964,4520.235,3725.951,214264647.0
Pakistan,2015,PAK,0.6930332,11.174581,4645.286,3867.1929,217290883.0
Pakistan,2016,PAK,0.80872667,18.06002,4886.6123,2539.2864,220138869.0
Pakistan,2017,PAK,0.97799486,9.591863,5031.5605,4348.8296,223273967.0
Pakistan,2018,PAK,0.9269328,9.339477,5255.0635,4419.1685,226928892.0
Pakistan,2019,PAK,0.8995737,10.928219,5295.953,4400.1157,230800899.0
Pakistan,2020,PAK,0.98192537,11.878904,5135.0146,4301.192,235001746.0
Pakistan,2021,PAK,1.0351748,10.295108,5367.2734,4683.584,239477801.0
Pakistan,2022,PAK,0.9184809,10.746907,5526.2793,4234.9453,243700667.0
Pakistan,2023,PAK,0.8107599,12.158016,5439.1875,3895.0408,247504495.0
Peru,2010,PER,1.461361,26.664782,12061.164,7707.48,29086019.0
Peru,2011,PER,1.4391557,25.767502,12728.865,8431.997,29304086.0
Peru,2012,PER,1.5400403,25.90535,13397.783,8629.544,29550366.0
Peru,2013,PER,1.4428895,26.089096,14054.639,8741.407,29817919.0
Peru,2014,PER,1.6399497,25.83989,14247.101,8856.475,30115826.0
Peru,2015,PER,1.6162785,25.96086,14545.381,9171.356,30457600.0
Peru,2016,PER,1.7084166,24.635092,14920.104,9602.029,30866494.0
Peru,2017,PER,1.7513058,28.8025,15072.204,9605.62,31324637.0
Peru,2018,PER,1.7508639,29.431831,15388.998,9887.749,31897584.0
Peru,2019,PER,1.7986559,29.259867,15466.295,9949.322,32449303.0
Peru,2020,PER,1.4289497,32.38074,13612.021,8643.31,32838579.0
Peru,2021,PER,1.568856,29.827547,15282.273,9710.914,33155882.0
Peru,2022,PER,1.6368144,26.950771,15548.932,9925.625,33475438.0
Peru,2023,PER,1.6505452,26.3495,15294.257,10008.626,33845617.0
Philippines,2010,PHL,0.85738873,14.867264,6273.039,3603.5803,96337125.0
Philippines,2011,PHL,0.8489691,16.133564,6388.313,3610.5925,98248614.0
Philippines,2012,PHL,0.8796461,16.406023,6697.556,3671.1003,100175512.0
Philippines,2013,PHL,0.935763,14.824674,7016.5386,3860.979,102076336.0
Philippines,2014,PHL,0.97125316,14.025786,7340.362,3993.6548,103767130.0
Philippines,2015,PHL,1.0620909,13.544878,7691.763,4307.6396,105312992.0
Philippines,2016,PHL,1.1335168,13.032715,8131.825,4620.867,106735719.0
Philippines,2017,PHL,1.2434982,12.544034,8584.136,4982.866,108119693.0
Philippines,2018,PHL,1.2861164,12.185793,9016.286,5063.134,109465287.0
Philippines,2019,PHL,1.2953051,11.25281,9452.294,5128.8037,110804683.0
Philippines,2020,PHL,1.1797879,11.994339,8455.185,4579.271,112081264.0
Philippines,2021,PHL,1.248213,12.277111,8857.79,4790.206,113100950.0
Philippines,2022,PHL,1.2714316,12.353065,9457.104,4941.1504,113964338.0
Philippines,2023,PHL,1.3454357,11.991215,9901.057,5191.9824,114891199.0
Poland,2010,POL,8.773324,3.4803138,27584.254,29982.633,38042794.0
Poland,2011,POL,8.731056,4.07828,29018.326,30104.61,38063255.0
Poland,2012,POL,8.522221,5.280956,29457.092,29201.332,38063164.0
Poland,2013,POL,8.4143715,5.21915,29676.557,29303.178,38040196.0
Poland,2014,POL,8.090834,6.1203933,30863.12,28234.873,38011735.0
Poland,2015,POL,8.173159,6.6168427,32252.387,28610.195,37986412.0
Poland,2016,POL,8.456034,6.1215067,33244.3,29851.602,37970087.0
Poland,2017,POL,8.803233,6.178931,34952.836,31357.4,37974826.0
Poland,2018,POL,8.788192,5.8390436,37136.016,31724.717,37974750.0
Poland,2019,POL,8.311783,6.975435,38846.504,30843.25,37965475.0
Poland,2020,POL,7.92311,7.9619446,38122.438,29645.658,37899070.0
Poland,2021,POL,8.700768,7.9004536,41774.582,31971.576,36981559.0
Poland,2022,POL,8.207285,9.753634,44160.86,29778.053,36821749.0
Poland,2023,POL,7.4628654,12.153621,44384.168,27871.273,36687353.0
Portugal,2010,PRT,4.99969,27.481777,36897.203,28720.541,10573100.0
Portugal,2011,PRT,4.9051404,24.613186,36318.336,27433.566,10557560.0
Portugal,2012,PRT,4.749493,21.803562,34988.68,25134.441,10514844.0
Portugal,2013,PRT,4.603662,29.319233,34835.01,27680.29,10457295.0
Portugal,2014,PRT,4.607115,30.905666,35283.008,28032.568,10401062.0
Portugal,2015,PRT,5.03683,24.606659,35992.688,27931.508,10358076.0
Portugal,2016,PRT,4.8626833,29.398247,36830.03,29988.79,10325452.0
Portugal,2017,PRT,5.339881,21.441797,38143.758,29287.125,10300300.0
Portugal,2018,PRT,4.97228,26.868528,39330.5,29903.955,10283822.0
Portugal,2019,PRT,4.600439,26.366737,40400.805,28479.97,10286263.0
Portugal,2020,PRT,4.024724,31.739735,37047.105,25756.738,10297081.0
Portugal,2021,PRT,3.8768623,33.30672,38862.09,25897.682,10361831.0
Portugal,2022,PRT,3.9058208,29.567095,41288.047,25574.793,10434332.0
Portugal,2023,PRT,3.5690997,36.04341,41755.48,25709.23,10578174.0
Romania,2010,ROU,4.125176,14.56034,25125.145,19494.453,20246871.0
Romania,2011,ROU,4.5479193,11.572445,26384.123,20194.62,20147528.0
Romania,2012,ROU,4.4468966,10.943061,27006.336,19532.703,20058035.0
Romania,2013,ROU,3.917578,15.251155,27182.37,18417.541,19983693.0
Romania,2014,ROU,3.960944,18.369642,28407.402,18959.768,19908979.0
Romania,2015,ROU,3.9156525,19.063501,29442.305,19146.7,19815616.0
Romania,2016,ROU,3.8586328,19.769327,30458.562,19248.842,19702267.0
Romania,2017,ROU,4.0203547,17.551455,33145.82,19693.322,19588715.0
Romania,2018,ROU,4.0636744,18.607594,35381.91,19995.69,19473970.0
Romania,2019,ROU,3.9205754,18.112833,36964.258,19658.541,19371648.0
Romania,2020,ROU,3.8009787,18.934402,35802.69,19004.617,19265250.0
Romania,2021,ROU,4.0144405,18.965462,38071.176,20177.553,19122059.0
Romania,2022,ROU,3.8083065,18.557348,39733.656,18318.545,19048502.0
Romania,2023,ROU,3.569303,21.853575,40665.527,17818.607,19059479.0
Russia,2010,RUS,11.343939,5.9321156,33399.926,54552.457,142849468.0
Russia,2011,RUS,11.704153,5.585331,34795.035,56363.645,143018195.0
Russia,2012,RUS,11.79054,5.530701,36104.273,56592.63,143378447.0
Russia,2013,RUS,11.344339,6.162879,36628.92,55798.14,143805638.0
Russia,2014,RUS,11.31587,5.856428,36217.965,55846.12,144237223.0
Russia,2015,RUS,11.277288,5.736873,35393.57,54818.855,144640716.0
Russia,2016,RUS,11.214848,6.1516156,35361.547,55724.008,145015460.0
Russia,2017,RUS,11.397211,6.105612,35932.234,55933.996,145293260.0
Russia,2018,RUS,11.694962,6.037737,36908.367,57892.727,145398106.0
Russia,2019,RUS,11.635815,6.198256,37698.953,57430.348,145453291.0
Russia,2020,RUS,11.15608,7.0554256,36746.375,55480.83,145245148.0
Russia,2021,RUS,11.739159,6.949851,38938.496,57444.508,144746762.0
Russia,2022,RUS,12.379392,6.2413483,38263.617,59650.24,144236933.0
Russia,2023,RUS,12.485692,6.3073745,39753.457,60175.367,143826130.0
Saudi Arabia,2010,SAU,22.099627,0.000463029,50620.293,83337.16,23978487.0
Saudi Arabia,2011,SAU,20.707397,0.0005816572,53692.3,84816.25,25091867.0
Saudi Arabia,2012,SAU,22.396475,0.0025898875,54267.215,88062.086,26168861.0
Saudi Arabia,2013,SAU,20.823349,0.00423848,52711.688,86753.6,27624004.0
Saudi Arabia,2014,SAU,20.193333,0.004239704,53396.152,91258.06,28309273.0
Saudi Arabia,2015,SAU,20.850756,0.0040422482,52983.137,93332.54,29816382.0
Saudi Arabia,2016,SAU,20.888945,0.0038626192,51997.344,95158.55,30954198.0
Saudi Arabia,2017,SAU,19.93628,0.005842626,52431.84,93054.375,30977355.0
Saudi Arabia,2018,SAU,20.994095,0.014015297,55508.875,88573.47,30196281.0
Saudi Arabia,2019,SAU,21.579525,0.01887056,56365.508,82824.38,30063799.0
Saudi Arabia,2020,SAU,19.879406,0.019380186,51782.57,80184.54,31552510.0
Saudi Arabia,2021,SAU,22.211275,0.07336859,55768.234,82945.31,30784383.0
Saudi Arabia,2022,SAU,22.480951,0.18877396,57351.875,86538.4,32175224.0
Saudi Arabia,2023,SAU,22.132036,0.46517056,55055.4,87198.66,33264292.0
Slovakia,2010,SVK,7.1334305,8.702348,29809.037,38080.727,5391428.0
Slovakia,2011,SVK,7.048082,7.831032,30533.477,36591.31,5398384.0
Slovakia,2012,SVK,6.653921,8.70284,30959.865,35105.086,5407579.0
Slovakia,2013,SVK,6.5842557,9.72592,31144.129,35936.51,5413393.0
Slovakia,2014,SVK,6.224752,10.567541,31956.469,33419.594,5418649.0
Slovakia,2015,SVK,6.3702555,10.290093,33578.89,33734.29,5423801.0
Slovakia,2016,SVK,6.442124,10.975567,34188.84,34015.234,5430798.0
Slovakia,2017,SVK,6.6536226,10.268712,35117.14,35774.91,5439232.0
Slovakia,2018,SVK,6.643141,9.377256,36493.062,35121.09,5446771.0
Slovakia,2019,SVK,6.206926,10.941603,37273.133,33892.78,5454147.0
Slovakia,2020,SVK,5.711151,11.446592,36278.3,33193.33,5458827.0
Slovakia,2021,SVK,6.470303,10.579658,38437.492,35836.406,5447247.0
Slovakia,2022,SVK,5.7645545,10.010985,38720.48,31876.37,5431752.0
Slovakia,2023,SVK,5.5706987,11.760023,39290.434,32204.732,5426740.0
Slovenia,2010,SVN,8.050477,15.943668,38364.383,42077.926,2048583.0
Slovenia,2011,SVN,7.984749,13.359873,38535.707,40687.836,2052843.0
Slovenia,2012,SVN,7.6753354,15.410497,37333.69,39460.902,2057159.0
Slovenia,2013,SVN,7.3566623,18.234604,36975.92,38978.773,2059953.0
Slovenia,2014,SVN,6.5884333,22.357998,37960.152,39934.504,2061980.0
Slovenia,2015,SVN,6.6243477,16.322464,38839.44,35905.984,2063531.0
Slovenia,2016,SVN,7.0140996,17.403463,39988.71,38209.27,2065042.0
Slovenia,2017,SVN,7.0873375,15.219537,42030.492,38467.918,2066388.0
Slovenia,2018,SVN,7.016358,18.022463,43712.26,39123.293,2073894.0
Slovenia,2019,SVN,6.738732,18.17371,44930.54,37863.65,2088385.0
Slovenia,2020,SVN,6.114485,20.58059,42807.46,36500.57,2102419.0
Slovenia,2021,SVN,6.1789403,20.394213,46274.28,36133.637,2108079.0
Slovenia,2022,SVN,6.004816,16.556498,47433.4,33305.18,2112076.0
Slovenia,2023,SVN,5.347735,24.549088,48243.94,34169.97,2120461.0
South Africa,2010,ZAF,8.8453245,0.32559687,14182.334,28270.55,52344051.0
South Africa,2011,ZAF,8.791516,0.73007625,14451.929,27576.695,52995205.0
South Africa,2012,ZAF,8.533725,0.3535202,14581.589,26791.422,53782567.0
South Africa,2013,ZAF,8.388023,0.40839744,14699.066,26545.875,54678791.0
South Africa,2014,ZAF,8.489372,0.8483203,14661.263,26433.637,55594838.0
South Africa,2015,ZAF,7.868861,1.3551667,14559.475,25372.062,56723537.0
South Africa,2016,ZAF,7.9827814,1.5691502,14519.031,26274.004,57259551.0
South Africa,2017,ZAF,7.6341605,2.2865977,14591.437,26075.314,57635162.0
South Africa,2018,ZAF,7.4144244,2.4042408,14571.376,24785.197,58613001.0
South Africa,2019,ZAF,7.7887363,2.3171031,14370.238,25577.125,59587885.0
South Africa,2020,ZAF,7.16727,2.7063918,13266.786,23687.934,60562381.0
South Africa,2021,ZAF,6.9252067,3.4062326,13711.294,23674.678,61502603.0
South Africa,2022,ZAF,6.497632,3.808293,13777.192,22594.38,62378410.0
South Africa,2023,ZAF,6.3578267,3.9379861,13690.39,22313.898,63212384.0
South Korea,2010,KOR,12.186755,0.66277707,37728.88,62181.16,49554112.0
South Korea,2011,KOR,12.690278,0.7799186,38819.777,64597.434,49936638.0
South Korea,2012,KOR,12.660258,0.85641724,39543.996,64799.957,50199853.0
South Korea,2013,KOR,12.673587,1.1068002,40610.164,64390.82,50428893.0
South Korea,2014,KOR,12.453083,1.3296236,41648.246,64335.42,50746659.0
South Korea,2015,KOR,12.4387865,1.5059777,42593.008,64899.633,51014947.0
South Korea,2016,KOR,12.435507,1.697326,43674.508,66408.734,51217803.0
South Korea,2017,KOR,12.712863,2.0170283,44928.05,66893.76,51361911.0
South Korea,2018,KOR,12.977493,2.5112455,46034.29,67787.555,51585058.0
South Korea,2019,KOR,12.480777,2.9624653,46903.84,66842.08,51764822.0
South Korea,2020,KOR,11.524341,3.6470644,46506.934,64557.53,51836239.0
South Korea,2021,KOR,11.882247,4.069307,48571.434,67653.84,51769539.0
South Korea,2022,KOR,11.62734,4.6026564,49933.977,68364.16,51672569.0
South Korea,2023,KOR,11.158091,4.7778306,50572.25,66698.02,51712619.0
Spain,2010,ESP,6.0404763,17.252142,42515.49,36337.7,46576897.0
Spain,2011,ESP,6.0385685,16.013664,42093.582,35552.812,46742697.0
Spain,2012,ESP,5.9138956,16.591034,40861.01,35236.293,46773055.0
Spain,2013,ESP,5.376438,20.175394,40409.99,33871.53,46620045.0
Spain,2014,ESP,5.4405065,20.319185,41147.246,33449.562,46480882.0
Spain,2015,ESP,5.7994676,17.742815,42851.414,33881.086,46444832.0
Spain,2016,ESP,5.5555286,18.941141,44063.383,34060.69,46484062.0
Spain,2017,ESP,5.837174,16.00793,45233.24,34390.28,46593236.0
Spain,2018,ESP,5.703422,18.693235,46114.344,34806.586,46797754.0
Spain,2019,ESP,5.282928,17.812366,46682.477,33605.45,47134837.0
Spain,2020,ESP,4.4430604,22.833883,41372.78,30043.191,47365655.0
Spain,2021,ESP,4.7987103,23.206352,44091.11,32225.066,47415794.0
Spain,2022,ESP,4.906234,21.746628,46479.086,33454.09,47759127.0
Spain,2023,ESP,4.6255174,24.918743,47141.543,33099.23,48347910.0
Sweden,2010,SWE,5.6641927,38.4675,55875.72,66270.92,9378126.0
Sweden,2011,SWE,5.2079105,39.769398,57209.918,64644.645,9449213.0
Sweden,2012,SWE,4.907013,43.459965,56552.895,67522.56,9519374.0
Sweden,2013,SWE,4.708229,39.280052,56713.703,62550.26,9600379.0
Sweden,2014,SWE,4.48339,40.778534,57442.918,61633.875,9696110.0
Sweden,2015,SWE,4.4306774,46.67754,59345.35,63157.69,9799186.0
Sweden,2016,SWE,4.3749504,41.982113,59981.418,61225.848,9923085.0
Sweden,2017,SWE,4.2194505,42.70394,60258.727,62769.023,10057698.0
Sweden,2018,SWE,4.1333666,42.643585,60696.242,59946.555,10175214.0
Sweden,2019,SWE,3.9724972,44.814293,61615.992,60948.945,10278887.0
Sweden,2020,SWE,3.5448945,52.19571,59945.586,57891.91,10353442.0
Sweden,2021,SWE,3.7090452,51.12024,63124.598,60540.156,10415811.0
Sweden,2022,SWE,3.573317,53.49401,63611.363,58931.953,10486941.0
Sweden,2023,SWE,3.464577,53.890182,63114.68,56303.94,10536632.0
Switzerland,2010,CHE,5.7546425,29.107452,74961.31,45954.605,7824909.0
Switzerland,2011,CHE,5.177019,28.232935,75476.55,42336.48,7912398.0
Switzerland,2012,CHE,5.28081,31.610807,75560.02,44281.652,7996861.0
Switzerland,2013,CHE,5.335637,31.100544,76034.81,44402.76,8089346.0
Switzerland,2014,CHE,4.788791,32.28236,76877.805,42067.453,8188649.0
Switzerland,2015,CHE,4.6740065,33.313087,77257.68,40610.04,8282396.0
Switzerland,2016,CHE,4.677344,32.569138,77999.46,37770.08,8373338.0
Switzerland,2017,CHE,4.514635,32.465992,78328.09,37506.7,8451840.0
Switzerland,2018,CHE,4.32806,32.574883,79977.305,37754.48,8514329.0
Switzerland,2019,CHE,4.2810693,33.7412,80315.68,39174.78,8575280.0
Switzerland,2020,CHE,3.9613538,36.92606,78023.34,35722.31,8638167.0
Switzerland,2021,CHE,4.109331,37.471905,81603.21,34296.21,8704546.0
Switzerland,2022,CHE,3.7327585,33.011185,83007.28,33191.535,8777088.0
Switzerland,2023,CHE,3.6905727,38.325344,82557.55,35768.574,8888093.0
Thailand,2010,THA,3.514452,2.8453703,16729.775,17276.059,68579447.0
Thailand,2011,THA,3.5485907,3.5703893,16765.752,17645.639,69007208.0
Thailand,2012,THA,3.778263,3.914373,17869.002,18694.713,69436098.0
Thailand,2013,THA,3.7762656,3.9144244,18241.777,18868.783,69845114.0
Thailand,2014,THA,3.8806882,4.358339,18323.963,19398.96,70216367.0
Thailand,2015,THA,3.9282084,4.308386,18811.328,19595.387,70540795.0
Thailand,2016,THA,4.008556,4.739767,19369.92,19906.965,70859841.0
Thailand,2017,THA,3.9818301,5.4690447,20093.963,20207.6,71160187.0
Thailand,2018,THA,4.0392394,6.566889,20879.16,20784.785,71376079.0
Thailand,2019,THA,3.9411173,7.1565943,21277.082,20751.527,71522271.0
Thailand,2020,THA,3.7956147,7.181275,19956.547,19247.928,71641484.0
Thailand,2021,THA,3.7244093,7.2292643,20245.242,19368.557,71727332.0
Thailand,2022,THA,3.799712,7.4562526,20741.523,19357.754,71735329.0
Thailand,2023,THA,3.6873055,7.842765,21142.664,19370.299,71702435.0
Trinidad and Tobago,2010,TTO,33.976368,0.005239244,35423.855,165583.05,1317714.0
Trinidad and Tobago,2011,TTO,33.73882,0.005274642,35045.516,162349.44,1328019.0
Trinidad and Tobago,2012,TTO,32.894268,0.0075587654,37452.94,157944.3,1335194.0
Trinidad and Tobago,2013,TTO,32.438995,0.0074258316,38620.574,158654.84,1340557.0
Trinidad and Tobago,2014,TTO,32.99713,0.0073731267,39966.188,157744.7,1345343.0
Trinidad and Tobago,2015,TTO,31.87891,0.0076000914,39528.418,151786.81,1349667.0
Trinidad and Tobago,2016,TTO,27.761591,0.008553222,36438.91,133239.0,1353895.0
Trinidad and Tobago,2017,TTO,27.89761,0.008039129,34619.53,140041.06,1356633.0
Trinidad and Tobago,2018,TTO,27.422825,0.008528726,34346.15,128954.38,1359193.0
Trinidad and Tobago,2019,TTO,27.466105,0.008446584,34349.13,128426.54,1363985.0
Trinidad and Tobago,2020,TTO,23.677786,0.009700671,31168.346,111546.414,1366725.0
Trinidad and Tobago,2021,TTO,24.476803,0.009454084,30826.209,113474.2,1367558.0
Trinidad and Tobago,2022,TTO,24.270796,0.009423289,31323.277,113031.766,1365805.0
Trinidad and Tobago,2023,TTO,22.834675,0.009916642,31705.834,106746.78,1367510.0
Turkey,2010,TUR,4.3109365,12.350974,19751.621,17120.85,73142150.0
Turkey,2011,TUR,4.6089954,12.007149,21643.8,18025.576,74223629.0
Turkey,2012,TUR,4.7356477,12.655518,22392.938,18877.383,75175827.0
Turkey,2013,TUR,4.5460496,13.686602,23983.133,18441.62,76147624.0
Turkey,2014,TUR,4.6648703,9.931703,24830.574,18618.826,77181884.0
Turkey,2015,TUR,4.8107686,14.269203,25992.297,19951.004,78218479.0
Turkey,2016,TUR,4.9717093,14.563656,26497.135,20602.953,79277962.0
Turkey,2017,TUR,5.186352,13.09042,28117.953,21772.998,80312698.0
Turkey,2018,TUR,4.9997516,14.5953,28575.762,21590.242,81407204.0
Turkey,2019,TUR,4.7177076,19.008345,28400.7,22150.566,82579440.0
Turkey,2020,TUR,4.7963643,18.64845,28649.55,21652.902,83384680.0
Turkey,2021,TUR,5.2223163,16.09926,31637.53,23015.531,84147318.0
Turkey,2022,TUR,5.023125,18.482664,33061.047,23108.615,84979913.0
Turkey,2023,TUR,4.9510155,18.701162,34609.914,22668.203,85325965.0
Ukraine,2010,UKR,6.336449,2.6100597,16811.795,31235.12,46456003.0
Ukraine,2011,UKR,6.659274,2.0985289,17783.957,32400.47,46307853.0
Ukraine,2012,UKR,6.58784,2.1388652,17848.74,31779.547,46210056.0
Ukraine,2013,UKR,6.4491696,3.0470593,17889.092,30228.559,46126770.0
Ukraine,2014,UKR,5.604219,2.3241148,16978.812,26764.613,45972380.0
Ukraine,2015,UKR,4.887808,1.9526479,15403.71,22306.594,45784896.0
Ukraine,2016,UKR,5.128837,2.4077792,15856.8125,23419.848,45616832.0
Ukraine,2017,UKR,4.9097815,3.02883,16310.36,21840.365,45436041.0
Ukraine,2018,UKR,5.124302,3.4624233,16978.984,22768.459,45208907.0
Ukraine,2019,UKR,4.9367437,3.39375,17636.555,21661.146,44957458.0
Ukraine,2020,UKR,4.6290064,4.9567018,17092.54,20916.844,44680014.0
Ukraine,2021,UKR,4.744018,6.1698413,17846.408,21472.234,44298640.0
Ukraine,2022,UKR,3.4380214,7.671234,13787.121,16272.95,41048766.0
Ukraine,2023,UKR,3.6164997,8.788312,15885.226,16781.748,37732836.0
United Kingdom,2010,GBR,8.12464,3.6713443,48766.29,39533.43,62766365.0
United Kingdom,2011,GBR,7.395984,4.9210544,48937.477,37002.133,63258810.0
United Kingdom,2012,GBR,7.6215353,5.4681044,49331.72,37287.375,63700215.0
United Kingdom,2013,GBR,7.417552,6.9561815,49884.434,36961.617,64128273.0
United Kingdom,2014,GBR,6.764838,8.871645,51100.336,34675.38,64602298.0
United Kingdom,2015,GBR,6.461417,10.9549675,51823.973,34977.094,65116219.0
United Kingdom,2016,GBR,6.0617714,11.083126,52421.082,34171.62,65611593.0
United Kingdom,2017,GBR,5.8378496,12.93447,53449.293,34043.49,66058859.0
United Kingdom,2018,GBR,5.6886287,14.486315,53872.934,33820.566,66460344.0
United Kingdom,2019,GBR,5.4350815,16.16805,54440.105,32930.707,66836327.0
United Kingdom,2020,GBR,4.844164,19.939514,48656.164,29394.623,67081234.0
United Kingdom,2021,GBR,5.0911255,18.11021,52872.195,29591.666,67026292.0
United Kingdom,2022,GBR,4.603082,19.61384,54805.445,29904.86,67791000.0
United Kingdom,2023,GBR,4.4428277,20.520597,54542.016,28501.387,68350000.0
United States,2010,USA,18.259068,5.8401756,59799.285,83402.88,309327143.0
United States,2011,USA,17.656883,6.8965087,60294.98,81971.984,311583481.0
United States,2012,USA,16.852186,6.8864713,61224.406,79100.78,313877662.0
United States,2013,USA,17.119566,7.1343727,62089.348,80559.26,316059947.0
United States,2014,USA,17.11055,7.2629757,63191.246,80724.13,318386329.0
United States,2015,USA,16.485855,7.468629,64575.406,79318.57,320738994.0
United States,2016,USA,15.95766,8.28383,65275.57,78625.45,323071755.0
United States,2017,USA,15.689614,9.080356,66458.02,78303.61,325122128.0
United States,2018,USA,16.05042,8.962757,68070.21,80595.484,326838199.0
United States,2019,USA,15.578155,9.312867,69511.766,79500.234,328329953.0
United States,2020,USA,13.889589,10.519768,67352.39,73294.336,331526933.0
United States,2021,USA,14.793604,10.502109,71318.305,77023.77,332048977.0
United States,2022,USA,14.870763,11.292717,72841.92,78347.914,333271411.0
United States,2023,USA,14.299027,11.655809,74577.51,77027.836,334914895.0
Uzbekistan,2010,UZB,3.7929955,4.3210754,5760.805,18389.709,28385506.0
Uzbekistan,2011,UZB,4.0507755,2.8693686,6100.251,18929.893,28823196.0
Uzbekistan,2012,UZB,4.0618796,3.2125452,6435.5645,18384.643,29261903.0
Uzbekistan,2013,UZB,3.777604,3.1400707,6797.775,18162.375,29724065.0
Uzbekistan,2014,UZB,3.5535774,2.9529066,7145.11,18637.057,30222994.0
Uzbekistan,2015,UZB,3.372301,3.0095983,7529.7637,17406.166,30749346.0
Uzbekistan,2016,UZB,3.5205607,3.5177083,7839.978,16608.516,31284568.0
Uzbekistan,2017,UZB,3.4234405,3.947353,8047.0537,16748.164,31819178.0
Uzbekistan,2018,UZB,3.15963,2.8922515,8348.961,16643.918,32373490.0
Uzbekistan,2019,UZB,3.2892537,3.1530242,8755.126,16438.932,32964701.0
Uzbekistan,2020,UZB,3.2641847,2.4348068,8727.411,16105.863,33586372.0
Uzbekistan,2021,UZB,3.5113323,2.3403997,9247.644,16600.65,34243696.0
Uzbekistan,2022,UZB,3.578784,2.4339654,9607.562,17004.094,34938955.0
Uzbekistan,2023,UZB,3.4995937,3.2513921,10007.686,16622.736,35652307.0
Vietnam,2010,VNM,1.5958343,14.7117405,7274.733,6180.2876,87455152.0
Vietnam,2011,VNM,1.7244632,19.027449,7652.619,6758.891,88468314.0
Vietnam,2012,VNM,1.6118838,23.463968,7979.868,6990.1753,89510356.0
Vietnam,2013,VNM,1.6719987,23.956772,8324.198,7304.9746,90573104.0
Vietnam,2014,VNM,1.9630398,23.184889,8751.883,7980.199,91679578.0
Vietnam,2015,VNM,2.298032,18.355711,9248.024,8964.749,92823254.0
Vietnam,2016,VNM,2.3508487,19.14979,9743.188,9651.152,94000117.0
Vietnam,2017,VNM,2.3914742,23.902075,10290.549,10247.799,95176977.0
Vietnam,2018,VNM,2.6530128,20.55936,10936.894,11413.172,96237319.0
Vietnam,2019,VNM,3.4901097,15.799334,11628.614,12556.66,97173776.0
Vietnam,2020,VNM,3.6955829,18.540092,11851.396,12461.562,98079191.0
Vietnam,2021,VNM,3.173522,23.503656,12048.902,12399.49,98935098.0
Vietnam,2022,VNM,2.9858754,27.49788,12930.256,12670.408,99680655.0
Vietnam,2023,VNM,3.335515,22.754812,13491.88,13744.149,100352192.0
